Parameter,Value
MSE,0.28
MAE,0.28
R-SQUARED,-0.38888888888888906
RMSE,0.5291502622129182
ACCURACY,0.72
