Parameter,Value
MSE,0.22
MAE,0.22
R-SQUARED,-0.28205128205128194
RMSE,0.469041575982343
ACCURACY,0.78
